seed,participant_id,trial_no,block_position,ui_variant,scenario,scenario_name,stimulus,url,상태
1,p1,1,1,control_A,1,수치측정,wifi500ms,https://monitoring-nine-rho.vercel.app/remote-control-A.html?pid=1&scenario=1,
1,p1,2,1,control_A,2,신호대기,,https://monitoring-nine-rho.vercel.app/remote-control-A.html?pid=1&scenario=2,
1,p1,3,1,control_A,3,돌발상황,taxi,https://monitoring-nine-rho.vercel.app/remote-control-A.html?pid=1&scenario=3,
1,p1,4,1,control_A,5,정밀제어,,https://monitoring-nine-rho.vercel.app/remote-control-A.html?pid=1&scenario=5,
1,p1,5,1,control_A,6,도착처리,,https://monitoring-nine-rho.vercel.app/remote-control-A.html?pid=1&scenario=6,
1,p1,6,2,B1,1,수치측정,battery17%,https://monitoring-nine-rho.vercel.app/?layout=vertical&pid=1&scenario=1,
1,p1,7,2,B1,2,신호대기,,https://monitoring-nine-rho.vercel.app/?layout=vertical&pid=1&scenario=2,
1,p1,8,2,B1,3,돌발상황,bump,https://monitoring-nine-rho.vercel.app/?layout=vertical&pid=1&scenario=3,
1,p1,9,2,B1,5,정밀제어,,https://monitoring-nine-rho.vercel.app/?layout=vertical&pid=1&scenario=5,
1,p1,10,2,B1,6,도착처리,,https://monitoring-nine-rho.vercel.app/?layout=vertical&pid=1&scenario=6,
2,p2,1,1,B1,1,수치측정,wifi500ms,https://monitoring-nine-rho.vercel.app/?layout=vertical&pid=2&scenario=1,
2,p2,2,1,B1,2,신호대기,,https://monitoring-nine-rho.vercel.app/?layout=vertical&pid=2&scenario=2,
2,p2,3,1,B1,3,돌발상황,taxi,https://monitoring-nine-rho.vercel.app/?layout=vertical&pid=2&scenario=3,
2,p2,4,1,B1,5,정밀제어,,https://monitoring-nine-rho.vercel.app/?layout=vertical&pid=2&scenario=5,
2,p2,5,1,B1,6,도착처리,,https://monitoring-nine-rho.vercel.app/?layout=vertical&pid=2&scenario=6,
2,p2,6,2,control_A,1,수치측정,battery17%,https://monitoring-nine-rho.vercel.app/remote-control-A.html?pid=2&scenario=1,
2,p2,7,2,control_A,2,신호대기,,https://monitoring-nine-rho.vercel.app/remote-control-A.html?pid=2&scenario=2,
2,p2,8,2,control_A,3,돌발상황,bump,https://monitoring-nine-rho.vercel.app/remote-control-A.html?pid=2&scenario=3,
2,p2,9,2,control_A,5,정밀제어,,https://monitoring-nine-rho.vercel.app/remote-control-A.html?pid=2&scenario=5,
2,p2,10,2,control_A,6,도착처리,,https://monitoring-nine-rho.vercel.app/remote-control-A.html?pid=2&scenario=6,
3,p3,1,1,control_A,1,수치측정,battery17%,https://monitoring-nine-rho.vercel.app/remote-control-A.html?pid=3&scenario=1,
3,p3,2,1,control_A,2,신호대기,,https://monitoring-nine-rho.vercel.app/remote-control-A.html?pid=3&scenario=2,
3,p3,3,1,control_A,3,돌발상황,bump,https://monitoring-nine-rho.vercel.app/remote-control-A.html?pid=3&scenario=3,
3,p3,4,1,control_A,5,정밀제어,,https://monitoring-nine-rho.vercel.app/remote-control-A.html?pid=3&scenario=5,
3,p3,5,1,control_A,6,도착처리,,https://monitoring-nine-rho.vercel.app/remote-control-A.html?pid=3&scenario=6,
3,p3,6,2,B1,1,수치측정,wifi500ms,https://monitoring-nine-rho.vercel.app/?layout=vertical&pid=3&scenario=1,
3,p3,7,2,B1,2,신호대기,,https://monitoring-nine-rho.vercel.app/?layout=vertical&pid=3&scenario=2,
3,p3,8,2,B1,3,돌발상황,taxi,https://monitoring-nine-rho.vercel.app/?layout=vertical&pid=3&scenario=3,
3,p3,9,2,B1,5,정밀제어,,https://monitoring-nine-rho.vercel.app/?layout=vertical&pid=3&scenario=5,
3,p3,10,2,B1,6,도착처리,,https://monitoring-nine-rho.vercel.app/?layout=vertical&pid=3&scenario=6,
4,p4,1,1,B1,1,수치측정,battery17%,https://monitoring-nine-rho.vercel.app/?layout=vertical&pid=4&scenario=1,
4,p4,2,1,B1,2,신호대기,,https://monitoring-nine-rho.vercel.app/?layout=vertical&pid=4&scenario=2,
4,p4,3,1,B1,3,돌발상황,bump,https://monitoring-nine-rho.vercel.app/?layout=vertical&pid=4&scenario=3,
4,p4,4,1,B1,5,정밀제어,,https://monitoring-nine-rho.vercel.app/?layout=vertical&pid=4&scenario=5,
4,p4,5,1,B1,6,도착처리,,https://monitoring-nine-rho.vercel.app/?layout=vertical&pid=4&scenario=6,
4,p4,6,2,control_A,1,수치측정,wifi500ms,https://monitoring-nine-rho.vercel.app/remote-control-A.html?pid=4&scenario=1,
4,p4,7,2,control_A,2,신호대기,,https://monitoring-nine-rho.vercel.app/remote-control-A.html?pid=4&scenario=2,
4,p4,8,2,control_A,3,돌발상황,taxi,https://monitoring-nine-rho.vercel.app/remote-control-A.html?pid=4&scenario=3,
4,p4,9,2,control_A,5,정밀제어,,https://monitoring-nine-rho.vercel.app/remote-control-A.html?pid=4&scenario=5,
4,p4,10,2,control_A,6,도착처리,,https://monitoring-nine-rho.vercel.app/remote-control-A.html?pid=4&scenario=6,
5,p5,1,1,control_A,1,수치측정,wifi500ms,https://monitoring-nine-rho.vercel.app/remote-control-A.html?pid=5&scenario=1,
5,p5,2,1,control_A,2,신호대기,,https://monitoring-nine-rho.vercel.app/remote-control-A.html?pid=5&scenario=2,
5,p5,3,1,control_A,3,돌발상황,taxi,https://monitoring-nine-rho.vercel.app/remote-control-A.html?pid=5&scenario=3,
5,p5,4,1,control_A,5,정밀제어,,https://monitoring-nine-rho.vercel.app/remote-control-A.html?pid=5&scenario=5,
5,p5,5,1,control_A,6,도착처리,,https://monitoring-nine-rho.vercel.app/remote-control-A.html?pid=5&scenario=6,
5,p5,6,2,B2,1,수치측정,battery17%,https://monitoring-nine-rho.vercel.app/?layout=horizontal&pid=5&scenario=1,
5,p5,7,2,B2,2,신호대기,,https://monitoring-nine-rho.vercel.app/?layout=horizontal&pid=5&scenario=2,
5,p5,8,2,B2,3,돌발상황,bump,https://monitoring-nine-rho.vercel.app/?layout=horizontal&pid=5&scenario=3,
5,p5,9,2,B2,5,정밀제어,,https://monitoring-nine-rho.vercel.app/?layout=horizontal&pid=5&scenario=5,
5,p5,10,2,B2,6,도착처리,,https://monitoring-nine-rho.vercel.app/?layout=horizontal&pid=5&scenario=6,
6,p6,1,1,B2,1,수치측정,wifi500ms,https://monitoring-nine-rho.vercel.app/?layout=horizontal&pid=6&scenario=1,
6,p6,2,1,B2,2,신호대기,,https://monitoring-nine-rho.vercel.app/?layout=horizontal&pid=6&scenario=2,
6,p6,3,1,B2,3,돌발상황,taxi,https://monitoring-nine-rho.vercel.app/?layout=horizontal&pid=6&scenario=3,
6,p6,4,1,B2,5,정밀제어,,https://monitoring-nine-rho.vercel.app/?layout=horizontal&pid=6&scenario=5,
6,p6,5,1,B2,6,도착처리,,https://monitoring-nine-rho.vercel.app/?layout=horizontal&pid=6&scenario=6,
6,p6,6,2,control_A,1,수치측정,battery17%,https://monitoring-nine-rho.vercel.app/remote-control-A.html?pid=6&scenario=1,
6,p6,7,2,control_A,2,신호대기,,https://monitoring-nine-rho.vercel.app/remote-control-A.html?pid=6&scenario=2,
6,p6,8,2,control_A,3,돌발상황,bump,https://monitoring-nine-rho.vercel.app/remote-control-A.html?pid=6&scenario=3,
6,p6,9,2,control_A,5,정밀제어,,https://monitoring-nine-rho.vercel.app/remote-control-A.html?pid=6&scenario=5,
6,p6,10,2,control_A,6,도착처리,,https://monitoring-nine-rho.vercel.app/remote-control-A.html?pid=6&scenario=6,
7,p7,1,1,control_A,1,수치측정,battery17%,https://monitoring-nine-rho.vercel.app/remote-control-A.html?pid=7&scenario=1,
7,p7,2,1,control_A,2,신호대기,,https://monitoring-nine-rho.vercel.app/remote-control-A.html?pid=7&scenario=2,
7,p7,3,1,control_A,3,돌발상황,bump,https://monitoring-nine-rho.vercel.app/remote-control-A.html?pid=7&scenario=3,
7,p7,4,1,control_A,5,정밀제어,,https://monitoring-nine-rho.vercel.app/remote-control-A.html?pid=7&scenario=5,
7,p7,5,1,control_A,6,도착처리,,https://monitoring-nine-rho.vercel.app/remote-control-A.html?pid=7&scenario=6,
7,p7,6,2,B2,1,수치측정,wifi500ms,https://monitoring-nine-rho.vercel.app/?layout=horizontal&pid=7&scenario=1,
7,p7,7,2,B2,2,신호대기,,https://monitoring-nine-rho.vercel.app/?layout=horizontal&pid=7&scenario=2,
7,p7,8,2,B2,3,돌발상황,taxi,https://monitoring-nine-rho.vercel.app/?layout=horizontal&pid=7&scenario=3,
7,p7,9,2,B2,5,정밀제어,,https://monitoring-nine-rho.vercel.app/?layout=horizontal&pid=7&scenario=5,
7,p7,10,2,B2,6,도착처리,,https://monitoring-nine-rho.vercel.app/?layout=horizontal&pid=7&scenario=6,
8,p8,1,1,B2,1,수치측정,battery17%,https://monitoring-nine-rho.vercel.app/?layout=horizontal&pid=8&scenario=1,
8,p8,2,1,B2,2,신호대기,,https://monitoring-nine-rho.vercel.app/?layout=horizontal&pid=8&scenario=2,
8,p8,3,1,B2,3,돌발상황,bump,https://monitoring-nine-rho.vercel.app/?layout=horizontal&pid=8&scenario=3,
8,p8,4,1,B2,5,정밀제어,,https://monitoring-nine-rho.vercel.app/?layout=horizontal&pid=8&scenario=5,
8,p8,5,1,B2,6,도착처리,,https://monitoring-nine-rho.vercel.app/?layout=horizontal&pid=8&scenario=6,
8,p8,6,2,control_A,1,수치측정,wifi500ms,https://monitoring-nine-rho.vercel.app/remote-control-A.html?pid=8&scenario=1,
8,p8,7,2,control_A,2,신호대기,,https://monitoring-nine-rho.vercel.app/remote-control-A.html?pid=8&scenario=2,
8,p8,8,2,control_A,3,돌발상황,taxi,https://monitoring-nine-rho.vercel.app/remote-control-A.html?pid=8&scenario=3,
8,p8,9,2,control_A,5,정밀제어,,https://monitoring-nine-rho.vercel.app/remote-control-A.html?pid=8&scenario=5,
8,p8,10,2,control_A,6,도착처리,,https://monitoring-nine-rho.vercel.app/remote-control-A.html?pid=8&scenario=6,
